sample,category,value,,,,,,,,
TRCC3,UBR5,Missense,,,,,,,,
TRCC3,IKZF3,Missense,,,,,,,,
TRCC4,IKZF3,Stop gained,,,,,,,,
TRCC4,SETD2,Frameshift,,,,,,,,
TRCC4,TP53,Splice site,,,,,,,,
TRCC5,ARID1A,Frameshift,,,,,,,,i
TRCC6,UBR5,Frameshift,,,,,,,,
TRCC6,PTPRK,Frameshift,,,,,,,,
TRCC7,NONE,None,,,,,,,,
TRCC8,AR,Frameshift,,,,,,,,
TRCC8,KDM5C,Frameshift,,,,,,,,
TRCC9,NONE,None,,,,,,,,
TRCC10,IL21R,Frameshift,,,,,,,,
TRCC10,LEF1,Frameshift,,,,,,,,
TRCC11,NONE,None,,,,,,,,
TRCC12_pre,HNF1A,Frameshift,,,,,,,,
TRCC12_post,HNF1A,Frameshift,,,,,,,,
TRCC13,CDKN2C,Missense,,,,,,,,
TRCC13,KMT2C,Splice site,,,,,,,,
TRCC14,NONE,None,,,,,,,,
TRCC15,ATM,Splice site,,,,,,,,
TRCC15,ATM,Missense,,,,,,,,
TRCC15,BRCA1,Frameshift,,,,,,,,
TRCC15,MAML2,Frameshift,,,,,,,,
TRCC17,XPC,Missense,,,,,,,,
TRCC18_pri_tum,CDKN2C,Frameshift,,,,,,,,
TRCC18_pri_tum,KMT2C,Frameshift,,,,,,,,
TRCC18_pri_tum,CDCA2,Splice site,,,,,,,,
TRCC18_pri_tum,CEP135,Frameshift,,,,,,,,
TRCC18_pri_tum,SETX,Frameshift,,,,,,,,
TRCC18_pri_tum,TYRO3,Splice site,,,,,,,,
TRCC18_pri_tum,WDR36,Stop gained,,,,,,,,
TRCC18_pri_tum,XPC,Missense,,,,,,,,